[
  {
    "id": "f5e24834-cb11-4825-a789-85ed45123e8b",
    "data": [
      {
        "text": "post a message",
        "userDefined": false
      }
    ],
    "isTemplate": false,
    "count": 0,
    "lang": "en",
    "updated": 0
  },
  {
    "id": "cc25cfa7-226f-47a8-b72a-53ff82c977b4",
    "data": [
      {
        "text": "create a post",
        "userDefined": false
      }
    ],
    "isTemplate": false,
    "count": 0,
    "lang": "en",
    "updated": 0
  },
  {
    "id": "92c0a4f8-a53b-4e5b-98f5-a2c0dba42e6b",
    "data": [
      {
        "text": "make a post",
        "userDefined": false
      }
    ],
    "isTemplate": false,
    "count": 0,
    "lang": "en",
    "updated": 0
  }
]