[
  {
    "id": "3e4af984-b9ec-40c9-ad71-2d7fe9b77b8d",
    "data": [
      {
        "text": "where can I chat?",
        "userDefined": false
      }
    ],
    "isTemplate": false,
    "count": 0,
    "lang": "en",
    "updated": 0
  },
  {
    "id": "115e37d1-b4b2-47f2-9ff8-bdfec9ed78be",
    "data": [
      {
        "text": "Can you name the chatrooms",
        "userDefined": false
      }
    ],
    "isTemplate": false,
    "count": 0,
    "lang": "en",
    "updated": 0
  },
  {
    "id": "55281d3a-c999-4e14-b393-f66c17365939",
    "data": [
      {
        "text": "What chatrooms are there?",
        "userDefined": false
      }
    ],
    "isTemplate": false,
    "count": 0,
    "lang": "en",
    "updated": 0
  }
]