[
  {
    "id": "f260a0c4-d4a2-4e3f-ac32-c5bff2c11043",
    "data": [
      {
        "text": "16",
        "meta": "@sys.number",
        "alias": "number",
        "userDefined": true
      },
      {
        "text": " most recent messages in ",
        "userDefined": false
      },
      {
        "text": "VanVleck",
        "meta": "@chatroom",
        "alias": "chatroom",
        "userDefined": true
      }
    ],
    "isTemplate": false,
    "count": 0,
    "lang": "en",
    "updated": 0
  },
  {
    "id": "413abba8-371f-402a-961a-8cf4a087b8aa",
    "data": [
      {
        "text": "8",
        "meta": "@sys.number",
        "alias": "number",
        "userDefined": true
      },
      {
        "text": " last posts in ",
        "userDefined": false
      },
      {
        "text": "Bascom",
        "meta": "@chatroom",
        "alias": "chatroom",
        "userDefined": true
      }
    ],
    "isTemplate": false,
    "count": 0,
    "lang": "en",
    "updated": 0
  },
  {
    "id": "c952a8d7-7947-46b8-822d-0519dad0b613",
    "data": [
      {
        "text": "3",
        "meta": "@sys.number",
        "alias": "number",
        "userDefined": true
      },
      {
        "text": " latest posts in ",
        "userDefined": false
      },
      {
        "text": "Vilas",
        "meta": "@chatroom",
        "alias": "chatroom",
        "userDefined": true
      }
    ],
    "isTemplate": false,
    "count": 0,
    "lang": "en",
    "updated": 0
  },
  {
    "id": "e037794d-7685-496c-99a2-57c5d450867b",
    "data": [
      {
        "text": "can I see the last ",
        "userDefined": false
      },
      {
        "text": "6",
        "meta": "@sys.number",
        "alias": "number",
        "userDefined": true
      },
      {
        "text": " messages from ",
        "userDefined": false
      },
      {
        "text": "Ingraham",
        "meta": "@chatroom",
        "alias": "chatroom",
        "userDefined": true
      }
    ],
    "isTemplate": false,
    "count": 0,
    "lang": "en",
    "updated": 0
  },
  {
    "id": "892d5bf5-7084-4ad1-b924-a151fbfac235",
    "data": [
      {
        "text": "what was the last post from ",
        "userDefined": false
      },
      {
        "text": "Grainger",
        "meta": "@chatroom",
        "alias": "chatroom",
        "userDefined": false
      }
    ],
    "isTemplate": false,
    "count": 0,
    "lang": "en",
    "updated": 0
  },
  {
    "id": "0f560e77-f8d1-4bc5-aea1-0d0538aca48a",
    "data": [
      {
        "text": "show me the last ",
        "userDefined": false
      },
      {
        "text": "2",
        "meta": "@sys.number",
        "alias": "number",
        "userDefined": false
      },
      {
        "text": " posts from ",
        "userDefined": false
      },
      {
        "text": "Chamberlin",
        "meta": "@chatroom",
        "alias": "chatroom",
        "userDefined": true
      }
    ],
    "isTemplate": false,
    "count": 0,
    "lang": "en",
    "updated": 0
  },
  {
    "id": "38f23a54-2a6c-4875-a200-29941501a339",
    "data": [
      {
        "text": "show me the last ",
        "userDefined": false
      },
      {
        "text": "10",
        "meta": "@sys.number",
        "alias": "number",
        "userDefined": false
      },
      {
        "text": " posts from ",
        "userDefined": false
      },
      {
        "text": "Brogden",
        "meta": "@chatroom",
        "alias": "chatroom",
        "userDefined": false
      }
    ],
    "isTemplate": false,
    "count": 0,
    "lang": "en",
    "updated": 0
  }
]