[
  {
    "id": "75dadf3f-d077-4a59-a48a-3990dab5cf2d",
    "data": [
      {
        "text": "get number of users",
        "userDefined": false
      }
    ],
    "isTemplate": false,
    "count": 0,
    "lang": "en",
    "updated": 0
  },
  {
    "id": "d688902a-7a4c-4335-81ab-e5915c2a7884",
    "data": [
      {
        "text": "tell me the quantity of users on this chat",
        "userDefined": false
      }
    ],
    "isTemplate": false,
    "count": 0,
    "lang": "en",
    "updated": 0
  },
  {
    "id": "4fed7a7b-8f0a-4301-b37a-7be0a8a3cd95",
    "data": [
      {
        "text": "what is the number of users?",
        "userDefined": false
      }
    ],
    "isTemplate": false,
    "count": 0,
    "lang": "en",
    "updated": 0
  },
  {
    "id": "6d5be6a0-b798-4865-8c4b-42a7cf50a5b2",
    "data": [
      {
        "text": "How many users are there?",
        "userDefined": false
      }
    ],
    "isTemplate": false,
    "count": 0,
    "lang": "en",
    "updated": 0
  }
]