[
  {
    "id": "db3df1e1-2d77-4539-88f7-a2ca41f275cf",
    "data": [
      {
        "text": "tell me the number of messages in ",
        "userDefined": false
      },
      {
        "text": "Vilas",
        "meta": "@chatroom",
        "alias": "chatroom",
        "userDefined": true
      }
    ],
    "isTemplate": false,
    "count": 0,
    "lang": "en",
    "updated": 0
  },
  {
    "id": "1c062e2d-6f0a-451e-b172-2c7757083419",
    "data": [
      {
        "text": "get number of posts in ",
        "userDefined": false
      },
      {
        "text": "Brogden",
        "meta": "@chatroom",
        "alias": "chatroom",
        "userDefined": true
      }
    ],
    "isTemplate": false,
    "count": 0,
    "lang": "en",
    "updated": 0
  },
  {
    "id": "603c50ad-5899-49d2-8dff-9e4b54337317",
    "data": [
      {
        "text": "how many messages in ",
        "userDefined": false
      },
      {
        "text": "VanVleck",
        "meta": "@chatroom",
        "alias": "chatroom",
        "userDefined": true
      }
    ],
    "isTemplate": false,
    "count": 0,
    "lang": "en",
    "updated": 0
  },
  {
    "id": "a4598a97-feb8-4f6d-b863-5c62b66b629f",
    "data": [
      {
        "text": "how many posts are there in the ",
        "userDefined": false
      },
      {
        "text": "Bascom",
        "meta": "@chatroom",
        "alias": "chatroom",
        "userDefined": true
      },
      {
        "text": " chatroom",
        "userDefined": false
      }
    ],
    "isTemplate": false,
    "count": 0,
    "lang": "en",
    "updated": 0
  },
  {
    "id": "60ab05da-8696-4f25-8e5f-33aeab167085",
    "data": [
      {
        "text": "how many total posts are there?",
        "userDefined": false
      }
    ],
    "isTemplate": false,
    "count": 0,
    "lang": "en",
    "updated": 0
  },
  {
    "id": "148c46f8-ca92-4627-afb0-58faa506981a",
    "data": [
      {
        "text": "how many messages are there in total?",
        "userDefined": false
      }
    ],
    "isTemplate": false,
    "count": 0,
    "lang": "en",
    "updated": 0
  },
  {
    "id": "d7f64df3-6075-42b8-9438-04af7abcdef8",
    "data": [
      {
        "text": "number of messages",
        "userDefined": false
      }
    ],
    "isTemplate": false,
    "count": 0,
    "lang": "en",
    "updated": 0
  },
  {
    "id": "c9319423-8298-4c6d-a18c-553456e787d2",
    "data": [
      {
        "text": "number of posts",
        "userDefined": false
      }
    ],
    "isTemplate": false,
    "count": 0,
    "lang": "en",
    "updated": 0
  }
]